{
  "project_info": {
    "project_number": "406317646685",
    "project_id": "deng-zou-movie-quote",
    "storage_bucket": "deng-zou-movie-quote.appspot.com"
  },
  "client": [
    {
      "client_info": {
        "mobilesdk_app_id": "1:406317646685:android:3c7cbd5277e3c9f1511eb4",
        "android_client_info": {
          "package_name": "edu.rosehulman.moviequotes2"
        }
      },
      "oauth_client": [
        {
          "client_id": "406317646685-eivro4qb8l3gkpcr4nbsi74ah7tbsdub.apps.googleusercontent.com",
          "client_type": 3
        }
      ],
      "api_key": [
        {
          "current_key": "AIzaSyCDu-7BN3qIxAHzFdCDSgstvSxUuHZiF3k"
        }
      ],
      "services": {
        "appinvite_service": {
          "other_platform_oauth_client": [
            {
              "client_id": "406317646685-eivro4qb8l3gkpcr4nbsi74ah7tbsdub.apps.googleusercontent.com",
              "client_type": 3
            }
          ]
        }
      }
    }
  ],
  "configuration_version": "1"
}